"Epic","Feature","Story","FAILED","BROKEN","PASSED","SKIPPED","UNKNOWN"
"","数据驱动-资格预审","收入边界","0","0","5","0","0"
"","参数化边界校验","创建贷款-缺失字段","0","0","2","0","0"
"","参数化边界校验","协议层-空 body","0","0","1","0","0"
"","参数化边界校验","资格检查-类型错误","0","0","3","0","0"
"","参数化边界校验","注册-空字符串","0","0","1","0","0"
"","参数化边界校验","注册-数据类型错误","0","0","5","0","0"
"","贷款状态机","非法流转","0","0","7","0","0"
"","接口响应契约校验","创建贷款-契约","0","0","1","0","0"
"","安全-已知缺陷（xfail strict）","安全-未授权访问","0","0","0","1","0"
"","参数化边界校验","资格检查-收入非法参数","0","0","3","0","0"
"","接口响应契约校验","注册-契约","0","0","1","0","0"
"","贷款状态机","正常流程","0","0","6","0","0"
"","参数化边界校验","创建贷款-类型错误","0","0","3","0","0"
"","参数化边界校验","创建贷款-金额边界","0","0","6","0","0"
"","参数化边界校验","资格检查-缺失字段","0","0","3","0","0"
"","参数化边界校验","资格检查-信用分非法参数","0","0","3","0","0"
"","参数化边界校验","协议层-非法 JSON","0","0","1","0","0"
"","数据驱动-资格预审","年龄边界","0","0","7","0","0"
"","接口响应契约校验","错误响应-契约","0","0","3","0","0"
"","参数化边界校验","注册-缺失必填字段","0","0","4","0","0"
"","接口 + 数据库双检","注册-并发安全","0","0","1","0","0"
"","贷款状态机","异常场景","0","0","1","0","0"
"","参数化边界校验","注册-数值非法","0","0","6","0","0"
"","贷款状态机","DB 一致性","0","0","1","0","0"
"","接口响应契约校验","查询贷款-契约","0","0","1","0","0"
"","信贷API基础冒烟","用户注册","0","0","1","0","0"
"","数据驱动-资格预审","信用分边界","0","0","5","0","0"
"","参数化边界校验","创建贷款-客户不存在","0","0","3","0","0"
"","接口 + 数据库双检","资格检查-只读","0","0","1","0","0"
"","信贷API基础冒烟","查询贷款-存在","0","0","1","0","0"
"","接口响应契约校验","资格检查-契约","0","0","2","0","0"
"","参数化边界校验","资格检查-年龄非法参数","0","0","3","0","0"
"","信贷API基础冒烟","创建贷款-正常","0","0","1","0","0"
"","接口 + 数据库双检","注册-数据落库","0","0","1","0","0"
"","贷款状态机","隔离性","0","0","1","0","0"
"","接口 + 数据库双检","创建贷款-幂等缺陷","0","0","0","1","0"
"","接口 + 数据库双检","创建贷款-数据落库","0","0","1","0","0"
"","接口 + 数据库双检","创建贷款-非法客户","0","0","1","0","0"
"","信贷API基础冒烟","查询贷款-不存在","0","0","1","0","0"
"","接口 + 数据库双检","创建贷款-外键一致","0","0","1","0","0"
"","接口 + 数据库双检","查询贷款-DB 一致性","0","0","1","0","0"
"","接口 + 数据库双检","重置-清理完整","0","0","1","0","0"
"","接口 + 数据库双检","注册-必填校验","0","0","1","0","0"
"","安全-已知缺陷（xfail strict）","安全-水平越权访问","0","0","0","1","0"
