"Status","Start Time","Stop Time","Duration in ms","Parent Suite","Suite","Sub Suite","Test Class","Test Method","Name","Description"
"passed","Sat Oct 03 10:08:41 UTC 2026","Sat Oct 03 10:08:41 UTC 2026","3","tests","test_ddt_eligibility","TestEligibilityDDT","","","test_eligibility_income[INC_002]",""
"passed","Sat Oct 03 10:08:40 UTC 2026","Sat Oct 03 10:08:40 UTC 2026","3","tests","test_boundary","TestLoanBoundary","","","test_create_loan_missing_field[customer_id]",""
"passed","Sat Oct 03 10:08:40 UTC 2026","Sat Oct 03 10:08:40 UTC 2026","3","tests","test_boundary","TestJsonBoundary","","","test_register_empty_body",""
"passed","Sat Oct 03 10:08:40 UTC 2026","Sat Oct 03 10:08:40 UTC 2026","3","tests","test_boundary","TestEligibilityBoundary","","","test_eligibility_invalid_type[bad_payload0-age \u4f20\u5b57\u7b26\u4e32]",""
"passed","Sat Oct 03 10:08:39 UTC 2026","Sat Oct 03 10:08:39 UTC 2026","2","tests","test_boundary","TestRegisterBoundary","","","test_register_empty_string[name]","name 空串应被拒绝"
"passed","Sat Oct 03 10:08:39 UTC 2026","Sat Oct 03 10:08:39 UTC 2026","2","tests","test_boundary","TestRegisterBoundary","","","test_register_invalid_type[bad_payload2-age \u4f20\u6d6e\u70b9]","类型错误应返回 400"
"passed","Sat Oct 03 10:08:42 UTC 2026","Sat Oct 03 10:08:42 UTC 2026","7","tests","test_loan_state_machine","TestLoanStateMachine","","","TC_STM_103 APPROVED 不能回退 REJECTED",""
"passed","Sat Oct 03 10:08:40 UTC 2026","Sat Oct 03 10:08:40 UTC 2026","60","tests","test_contract","TestContract","","","TC_CT_004 创建贷款成功响应符合契约（loan_id + status）",""
"skipped","Sat Oct 03 10:08:41 UTC 2026","Sat Oct 03 10:08:41 UTC 2026","5","tests","test_credit","TestSecurityKnownBugs","","","TC_SEC_002 无身份凭证不应能访问贷款接口",""
"passed","Sat Oct 03 10:08:40 UTC 2026","Sat Oct 03 10:08:40 UTC 2026","3","tests","test_boundary","TestEligibilityBoundary","","","test_eligibility_income_invalid[-1]","负数 / 超出上限应在参数层被拒绝"
"passed","Sat Oct 03 10:08:40 UTC 2026","Sat Oct 03 10:08:40 UTC 2026","3","tests","test_boundary","TestEligibilityBoundary","","","test_eligibility_income_invalid[999999999]","负数 / 超出上限应在参数层被拒绝"
"passed","Sat Oct 03 10:08:40 UTC 2026","Sat Oct 03 10:08:40 UTC 2026","5","tests","test_contract","TestContract","","","TC_CT_001 注册成功响应符合契约（customer_id: int）",""
"passed","Sat Oct 03 10:08:41 UTC 2026","Sat Oct 03 10:08:41 UTC 2026","9","tests","test_loan_state_machine","TestLoanStateMachine","","","TC_STM_003 放款后状态变为 DISBURSED",""
"passed","Sat Oct 03 10:08:41 UTC 2026","Sat Oct 03 10:08:41 UTC 2026","3","tests","test_loan_state_machine","TestLoanStateMachine","","","TC_STM_001 贷款申请后应处于 PENDING 状态",""
"passed","Sat Oct 03 10:08:40 UTC 2026","Sat Oct 03 10:08:40 UTC 2026","3","tests","test_boundary","TestLoanBoundary","","","test_create_loan_invalid_type[<lambda>-amount \u4f20\u5b57\u7b26\u4e32]",""
"passed","Sat Oct 03 10:08:42 UTC 2026","Sat Oct 03 10:08:42 UTC 2026","3","tests","test_loan_state_machine","TestLoanStateMachine","","","TC_STM_101 PENDING 不能直接 DISBURSED",""
"passed","Sat Oct 03 10:08:41 UTC 2026","Sat Oct 03 10:08:41 UTC 2026","3","tests","test_ddt_eligibility","TestEligibilityDDT","","","test_eligibility_income[INC_005]",""
"passed","Sat Oct 03 10:08:40 UTC 2026","Sat Oct 03 10:08:40 UTC 2026","3","tests","test_boundary","TestLoanBoundary","","","test_create_loan_amount_boundary[-1-\u8d1f\u6570-True]",""
"passed","Sat Oct 03 10:08:40 UTC 2026","Sat Oct 03 10:08:40 UTC 2026","3","tests","test_boundary","TestEligibilityBoundary","","","test_eligibility_missing_field[income]",""
"passed","Sat Oct 03 10:08:40 UTC 2026","Sat Oct 03 10:08:40 UTC 2026","3","tests","test_boundary","TestEligibilityBoundary","","","test_eligibility_credit_score_invalid[9999]","负数 / 超出上限应在参数层被拒绝"
"passed","Sat Oct 03 10:08:40 UTC 2026","Sat Oct 03 10:08:40 UTC 2026","3","tests","test_boundary","TestJsonBoundary","","","test_register_invalid_json","发送非法 JSON 应返回 400"
"passed","Sat Oct 03 10:08:41 UTC 2026","Sat Oct 03 10:08:41 UTC 2026","3","tests","test_ddt_eligibility","TestEligibilityDDT","","","test_eligibility_age[AGE_007]",""
"passed","Sat Oct 03 10:08:40 UTC 2026","Sat Oct 03 10:08:40 UTC 2026","3","tests","test_contract","TestContract","","","TC_CT_008 创建贷款缺字段时响应含 error 字段",""
"passed","Sat Oct 03 10:08:40 UTC 2026","Sat Oct 03 10:08:40 UTC 2026","3","tests","test_boundary","TestLoanBoundary","","","test_create_loan_missing_field[amount]",""
"passed","Sat Oct 03 10:08:39 UTC 2026","Sat Oct 03 10:08:39 UTC 2026","3","tests","test_boundary","TestRegisterBoundary","","","test_register_missing_required_field[income]","缺任一个必填字段应返回 400"
"passed","Sat Oct 03 10:08:41 UTC 2026","Sat Oct 03 10:08:41 UTC 2026","13","tests","test_db_consistency","TestDatabaseConsistency","","","TC_DB_002 连续注册 3 个客户，DB 应有 3 条记录",""
"passed","Sat Oct 03 10:08:40 UTC 2026","Sat Oct 03 10:08:40 UTC 2026","7","tests","test_boundary","TestLoanBoundary","","","test_create_loan_amount_boundary[100000-\u6807\u51c6\u989d\u5ea6-False]",""
"passed","Sat Oct 03 10:08:42 UTC 2026","Sat Oct 03 10:08:42 UTC 2026","14","tests","test_loan_state_machine","TestLoanStateMachine","","","TC_STM_201 不存在的贷款应 404",""
"passed","Sat Oct 03 10:08:39 UTC 2026","Sat Oct 03 10:08:39 UTC 2026","3","tests","test_boundary","TestRegisterBoundary","","","test_register_invalid_number[payload2-credit_score \u8d1f\u6570]","数值超出合法范围应被拒绝"
"passed","Sat Oct 03 10:08:42 UTC 2026","Sat Oct 03 10:08:42 UTC 2026","16","tests","test_loan_state_machine","TestLoanStateMachine","","","TC_STM_202 状态流转后 DB 应同步",""
"passed","Sat Oct 03 10:08:39 UTC 2026","Sat Oct 03 10:08:39 UTC 2026","3","tests","test_boundary","TestRegisterBoundary","","","test_register_invalid_number[payload0-age \u8d1f\u6570]","数值超出合法范围应被拒绝"
"passed","Sat Oct 03 10:08:40 UTC 2026","Sat Oct 03 10:08:40 UTC 2026","3","tests","test_contract","TestContract","","","TC_CT_005 查询贷款成功响应包含全部字段",""
"passed","Sat Oct 03 10:08:40 UTC 2026","Sat Oct 03 10:08:40 UTC 2026","3","tests","test_boundary","TestRegisterBoundary","","","test_register_invalid_number[payload3-age \u8d85\u5927\u503c]","数值超出合法范围应被拒绝"
"passed","Sat Oct 03 10:08:40 UTC 2026","Sat Oct 03 10:08:40 UTC 2026","6","tests","test_credit","TestCreditSmoke","","","TC_SMOKE_001 注册成功返回 customer_id",""
"passed","Sat Oct 03 10:08:40 UTC 2026","Sat Oct 03 10:08:40 UTC 2026","3","tests","test_boundary","TestEligibilityBoundary","","","test_eligibility_invalid_type[bad_payload1-income \u4f20 null]",""
"passed","Sat Oct 03 10:08:42 UTC 2026","Sat Oct 03 10:08:42 UTC 2026","4","tests","test_loan_state_machine","TestLoanStateMachine","","","TC_STM_102 PENDING 不能直接 SETTLED",""
"passed","Sat Oct 03 10:08:41 UTC 2026","Sat Oct 03 10:08:41 UTC 2026","3","tests","test_ddt_eligibility","TestEligibilityDDT","","","test_eligibility_credit_score[CS_005]",""
"passed","Sat Oct 03 10:08:40 UTC 2026","Sat Oct 03 10:08:40 UTC 2026","3","tests","test_boundary","TestLoanBoundary","","","test_create_loan_invalid_customer[99999]",""
"passed","Sat Oct 03 10:08:42 UTC 2026","Sat Oct 03 10:08:42 UTC 2026","8","tests","test_loan_state_machine","TestLoanStateMachine","","","TC_STM_104 APPROVED 不能重复 APPROVED",""
"passed","Sat Oct 03 10:08:41 UTC 2026","Sat Oct 03 10:08:41 UTC 2026","4","tests","test_db_consistency","TestDatabaseConsistency","","","TC_DB_004 资格检查是只读接口，不应写 DB",""
"passed","Sat Oct 03 10:08:41 UTC 2026","Sat Oct 03 10:08:41 UTC 2026","3","tests","test_ddt_eligibility","TestEligibilityDDT","","","test_eligibility_age[AGE_005]",""
"passed","Sat Oct 03 10:08:40 UTC 2026","Sat Oct 03 10:08:40 UTC 2026","4","tests","test_credit","TestCreditSmoke","","","TC_SMOKE_003 查询存在的贷款返回完整信息",""
"passed","Sat Oct 03 10:08:40 UTC 2026","Sat Oct 03 10:08:40 UTC 2026","3","tests","test_boundary","TestEligibilityBoundary","","","test_eligibility_credit_score_invalid[-1]","负数 / 超出上限应在参数层被拒绝"
"passed","Sat Oct 03 10:08:41 UTC 2026","Sat Oct 03 10:08:41 UTC 2026","3","tests","test_ddt_eligibility","TestEligibilityDDT","","","test_eligibility_age[AGE_002]",""
"passed","Sat Oct 03 10:08:39 UTC 2026","Sat Oct 03 10:08:39 UTC 2026","3","tests","test_boundary","TestRegisterBoundary","","","test_register_invalid_type[bad_payload3-income \u4f20\u5b57\u7b26\u4e32]","类型错误应返回 400"
"passed","Sat Oct 03 10:08:39 UTC 2026","Sat Oct 03 10:08:39 UTC 2026","3","tests","test_boundary","TestRegisterBoundary","","","test_register_invalid_type[bad_payload1-age \u4f20\u5b57\u7b26\u4e32]","类型错误应返回 400"
"passed","Sat Oct 03 10:08:39 UTC 2026","Sat Oct 03 10:08:39 UTC 2026","2","tests","test_boundary","TestRegisterBoundary","","","test_register_invalid_type[bad_payload4-credit_score \u4f20\u5b57\u7b26\u4e32]","类型错误应返回 400"
"passed","Sat Oct 03 10:08:40 UTC 2026","Sat Oct 03 10:08:40 UTC 2026","3","tests","test_contract","TestContract","","","TC_CT_003 资格检查-拒绝：eligible=false + reason",""
"passed","Sat Oct 03 10:08:40 UTC 2026","Sat Oct 03 10:08:40 UTC 2026","3","tests","test_boundary","TestEligibilityBoundary","","","test_eligibility_credit_score_invalid[1001]","负数 / 超出上限应在参数层被拒绝"
"passed","Sat Oct 03 10:08:39 UTC 2026","Sat Oct 03 10:08:39 UTC 2026","3","tests","test_boundary","TestRegisterBoundary","","","test_register_missing_required_field[age]","缺任一个必填字段应返回 400"
"passed","Sat Oct 03 10:08:41 UTC 2026","Sat Oct 03 10:08:41 UTC 2026","6","tests","test_loan_state_machine","TestLoanStateMachine","","","TC_STM_002 审批通过后状态变为 APPROVED",""
"passed","Sat Oct 03 10:08:40 UTC 2026","Sat Oct 03 10:08:40 UTC 2026","2","tests","test_boundary","TestEligibilityBoundary","","","test_eligibility_age_invalid[999]","负数 / 超大值应在参数层被拒绝（返回 400）"
"passed","Sat Oct 03 10:08:40 UTC 2026","Sat Oct 03 10:08:40 UTC 2026","3","tests","test_contract","TestContract","","","TC_CT_002 资格检查-通过：eligible=true + max_amount",""
"passed","Sat Oct 03 10:08:40 UTC 2026","Sat Oct 03 10:08:40 UTC 2026","3","tests","test_boundary","TestRegisterBoundary","","","test_register_invalid_number[payload4-income \u8d85\u5927\u503c]","数值超出合法范围应被拒绝"
"passed","Sat Oct 03 10:08:40 UTC 2026","Sat Oct 03 10:08:40 UTC 2026","5","tests","test_credit","TestCreditSmoke","","","TC_SMOKE_002 创建贷款成功返回 PENDING",""
"passed","Sat Oct 03 10:08:41 UTC 2026","Sat Oct 03 10:08:41 UTC 2026","3","tests","test_ddt_eligibility","TestEligibilityDDT","","","test_eligibility_credit_score[CS_002]",""
"passed","Sat Oct 03 10:08:42 UTC 2026","Sat Oct 03 10:08:42 UTC 2026","22","tests","test_loan_state_machine","TestLoanStateMachine","","","TC_STM_106 SETTLED 是终态",""
"passed","Sat Oct 03 10:08:40 UTC 2026","Sat Oct 03 10:08:40 UTC 2026","3","tests","test_boundary","TestLoanBoundary","","","test_create_loan_amount_boundary[99999999-\u8d85\u5927\u989d-True]",""
"passed","Sat Oct 03 10:08:41 UTC 2026","Sat Oct 03 10:08:41 UTC 2026","3","tests","test_ddt_eligibility","TestEligibilityDDT","","","test_eligibility_income[INC_003]",""
"passed","Sat Oct 03 10:08:40 UTC 2026","Sat Oct 03 10:08:40 UTC 2026","3","tests","test_boundary","TestLoanBoundary","","","test_create_loan_invalid_type[<lambda>-customer_id \u4f20\u5b57\u7b26\u4e32]",""
"passed","Sat Oct 03 10:08:40 UTC 2026","Sat Oct 03 10:08:40 UTC 2026","3","tests","test_boundary","TestLoanBoundary","","","test_create_loan_invalid_customer[-1]",""
"passed","Sat Oct 03 10:08:40 UTC 2026","Sat Oct 03 10:08:40 UTC 2026","2","tests","test_boundary","TestEligibilityBoundary","","","test_eligibility_missing_field[age]",""
"passed","Sat Oct 03 10:08:41 UTC 2026","Sat Oct 03 10:08:41 UTC 2026","4","tests","test_ddt_eligibility","TestEligibilityDDT","","","test_eligibility_age[AGE_001]",""
"passed","Sat Oct 03 10:08:41 UTC 2026","Sat Oct 03 10:08:41 UTC 2026","10","tests","test_db_consistency","TestDatabaseConsistency","","","TC_DB_001 注册接口成功后，DB 里应有完整记录",""
"passed","Sat Oct 03 10:08:40 UTC 2026","Sat Oct 03 10:08:40 UTC 2026","3","tests","test_boundary","TestEligibilityBoundary","","","test_eligibility_income_invalid[100000001]","负数 / 超出上限应在参数层被拒绝"
"passed","Sat Oct 03 10:08:40 UTC 2026","Sat Oct 03 10:08:40 UTC 2026","2","tests","test_boundary","TestLoanBoundary","","","test_create_loan_amount_boundary[0-\u96f6\u503c-True]",""
"passed","Sat Oct 03 10:08:40 UTC 2026","Sat Oct 03 10:08:40 UTC 2026","3","tests","test_boundary","TestLoanBoundary","","","test_create_loan_invalid_type[<lambda>-amount \u4f20 null]",""
"passed","Sat Oct 03 10:08:39 UTC 2026","Sat Oct 03 10:08:39 UTC 2026","4","tests","test_boundary","TestRegisterBoundary","","","test_register_missing_required_field[name]","缺任一个必填字段应返回 400"
"passed","Sat Oct 03 10:08:42 UTC 2026","Sat Oct 03 10:08:42 UTC 2026","13","tests","test_loan_state_machine","TestLoanStateMachine","","","TC_STM_105 REJECTED 是终态",""
"passed","Sat Oct 03 10:08:40 UTC 2026","Sat Oct 03 10:08:40 UTC 2026","2","tests","test_boundary","TestEligibilityBoundary","","","test_eligibility_age_invalid[151]","负数 / 超大值应在参数层被拒绝（返回 400）"
"passed","Sat Oct 03 10:08:42 UTC 2026","Sat Oct 03 10:08:42 UTC 2026","21","tests","test_loan_state_machine","TestLoanStateMachine","","","TC_STM_203 状态流转不影响其他贷款",""
"skipped","Sat Oct 03 10:08:41 UTC 2026","Sat Oct 03 10:08:41 UTC 2026","12","tests","test_db_consistency","TestDatabaseConsistency","","","TC_DB_007 [BUG] 重复提交同一贷款，DB 里却生成 2 条记录",""
"passed","Sat Oct 03 10:08:41 UTC 2026","Sat Oct 03 10:08:41 UTC 2026","3","tests","test_ddt_eligibility","TestEligibilityDDT","","","test_eligibility_income[INC_001]",""
"passed","Sat Oct 03 10:08:39 UTC 2026","Sat Oct 03 10:08:39 UTC 2026","3","tests","test_boundary","TestRegisterBoundary","","","test_register_missing_required_field[credit_score]","缺任一个必填字段应返回 400"
"passed","Sat Oct 03 10:08:41 UTC 2026","Sat Oct 03 10:08:41 UTC 2026","6","tests","test_db_consistency","TestDatabaseConsistency","","","TC_DB_005 创建贷款成功后，DB 应写入 PENDING 状态",""
"passed","Sat Oct 03 10:08:42 UTC 2026","Sat Oct 03 10:08:42 UTC 2026","26","tests","test_loan_state_machine","TestLoanStateMachine","","","TC_STM_005 完整生命周期",""
"passed","Sat Oct 03 10:08:40 UTC 2026","Sat Oct 03 10:08:40 UTC 2026","3","tests","test_boundary","TestLoanBoundary","","","test_create_loan_invalid_customer[0]",""
"passed","Sat Oct 03 10:08:41 UTC 2026","Sat Oct 03 10:08:41 UTC 2026","4","tests","test_db_consistency","TestDatabaseConsistency","","","TC_DB_008 不存在的 customer_id 应返回 404 且不写库",""
"passed","Sat Oct 03 10:08:39 UTC 2026","Sat Oct 03 10:08:39 UTC 2026","3","tests","test_boundary","TestRegisterBoundary","","","test_register_invalid_number[payload1-income \u8d1f\u6570]","数值超出合法范围应被拒绝"
"passed","Sat Oct 03 10:08:40 UTC 2026","Sat Oct 03 10:08:40 UTC 2026","2","tests","test_boundary","TestEligibilityBoundary","","","test_eligibility_missing_field[credit_score]",""
"passed","Sat Oct 03 10:08:41 UTC 2026","Sat Oct 03 10:08:41 UTC 2026","3","tests","test_credit","TestCreditSmoke","","","TC_SMOKE_004 查询不存在的贷款返回 404",""
"passed","Sat Oct 03 10:08:41 UTC 2026","Sat Oct 03 10:08:41 UTC 2026","3","tests","test_ddt_eligibility","TestEligibilityDDT","","","test_eligibility_credit_score[CS_004]",""
"passed","Sat Oct 03 10:08:39 UTC 2026","Sat Oct 03 10:08:39 UTC 2026","3","tests","test_boundary","TestRegisterBoundary","","","test_register_invalid_type[bad_payload0-name \u4f20\u6574\u6570]","类型错误应返回 400"
"passed","Sat Oct 03 10:08:40 UTC 2026","Sat Oct 03 10:08:40 UTC 2026","9","tests","test_boundary","TestLoanBoundary","","","test_create_loan_amount_boundary[1-\u6700\u5c0f\u503c-False]",""
"passed","Sat Oct 03 10:08:40 UTC 2026","Sat Oct 03 10:08:40 UTC 2026","3","tests","test_contract","TestContract","","","TC_CT_007 查询不存在的贷款时响应含 error 字段",""
"passed","Sat Oct 03 10:08:41 UTC 2026","Sat Oct 03 10:08:41 UTC 2026","3","tests","test_ddt_eligibility","TestEligibilityDDT","","","test_eligibility_income[INC_004]",""
"passed","Sat Oct 03 10:08:41 UTC 2026","Sat Oct 03 10:08:41 UTC 2026","3","tests","test_ddt_eligibility","TestEligibilityDDT","","","test_eligibility_credit_score[CS_001]",""
"passed","Sat Oct 03 10:08:41 UTC 2026","Sat Oct 03 10:08:41 UTC 2026","6","tests","test_db_consistency","TestDatabaseConsistency","","","TC_DB_006 贷款的 customer_id 应指向真实客户",""
"passed","Sat Oct 03 10:08:41 UTC 2026","Sat Oct 03 10:08:41 UTC 2026","4","tests","test_db_consistency","TestDatabaseConsistency","","","TC_DB_009 查询接口返回的数据应与 DB 完全一致",""
"passed","Sat Oct 03 10:08:41 UTC 2026","Sat Oct 03 10:08:41 UTC 2026","4","tests","test_ddt_eligibility","TestEligibilityDDT","","","test_eligibility_credit_score[CS_003]",""
"passed","Sat Oct 03 10:08:40 UTC 2026","Sat Oct 03 10:08:40 UTC 2026","3","tests","test_boundary","TestRegisterBoundary","","","test_register_invalid_number[payload5-credit_score \u8d85\u5927\u503c]","数值超出合法范围应被拒绝"
"passed","Sat Oct 03 10:08:40 UTC 2026","Sat Oct 03 10:08:40 UTC 2026","3","tests","test_boundary","TestEligibilityBoundary","","","test_eligibility_age_invalid[-1]","负数 / 超大值应在参数层被拒绝（返回 400）"
"passed","Sat Oct 03 10:08:40 UTC 2026","Sat Oct 03 10:08:40 UTC 2026","5","tests","test_boundary","TestLoanBoundary","","","test_create_loan_amount_boundary[999-\u5c0f\u989d-False]",""
"passed","Sat Oct 03 10:08:41 UTC 2026","Sat Oct 03 10:08:41 UTC 2026","3","tests","test_ddt_eligibility","TestEligibilityDDT","","","test_eligibility_age[AGE_003]",""
"passed","Sat Oct 03 10:08:42 UTC 2026","Sat Oct 03 10:08:42 UTC 2026","12","tests","test_loan_state_machine","TestLoanStateMachine","","","TC_STM_107 DISBURSED 不能回退 APPROVED",""
"passed","Sat Oct 03 10:08:40 UTC 2026","Sat Oct 03 10:08:40 UTC 2026","3","tests","test_contract","TestContract","","","TC_CT_006 缺必填字段时响应含 error 字段",""
"passed","Sat Oct 03 10:08:41 UTC 2026","Sat Oct 03 10:08:41 UTC 2026","3","tests","test_ddt_eligibility","TestEligibilityDDT","","","test_eligibility_age[AGE_006]",""
"passed","Sat Oct 03 10:08:42 UTC 2026","Sat Oct 03 10:08:42 UTC 2026","5","tests","test_loan_state_machine","TestLoanStateMachine","","","TC_STM_006 拒绝后状态变为 REJECTED",""
"passed","Sat Oct 03 10:08:41 UTC 2026","Sat Oct 03 10:08:41 UTC 2026","8","tests","test_db_consistency","TestDatabaseConsistency","","","TC_DB_010 重置接口调用后，所有表应为空",""
"passed","Sat Oct 03 10:08:42 UTC 2026","Sat Oct 03 10:08:42 UTC 2026","14","tests","test_loan_state_machine","TestLoanStateMachine","","","TC_STM_004 还款后状态变为 SETTLED",""
"passed","Sat Oct 03 10:08:41 UTC 2026","Sat Oct 03 10:08:41 UTC 2026","3","tests","test_db_consistency","TestDatabaseConsistency","","","TC_DB_003 缺必填字段时，DB 不应新增记录",""
"skipped","Sat Oct 03 10:08:41 UTC 2026","Sat Oct 03 10:08:41 UTC 2026","10","tests","test_credit","TestSecurityKnownBugs","","","TC_SEC_001 客户不应能查看其他客户的贷款",""
"passed","Sat Oct 03 10:08:41 UTC 2026","Sat Oct 03 10:08:41 UTC 2026","3","tests","test_ddt_eligibility","TestEligibilityDDT","","","test_eligibility_age[AGE_004]",""
"passed","Sat Oct 03 10:08:40 UTC 2026","Sat Oct 03 10:08:40 UTC 2026","3","tests","test_boundary","TestEligibilityBoundary","","","test_eligibility_invalid_type[bad_payload2-credit_score \u4f20\u6d6e\u70b9]",""
